taxonid,assessmentid,kingdom,phylum,class,order,family,genus,species,infrarank,infratype,subpopulation,friendly_name,taxonomic_authority,category,criteria,possibly_extinct,possibly_extinct_wild,assessmentdate,assessors,evaluators,contributors,facilitators
17026,1306343,ANIMALIA,CHORDATA,MAMMALIA,CARNIVORA,OTARIIDAE,Phocarctos,hookeri,,,,Phocarctos hookeri,"(Gray, 1844)",EN,A4bd,FALSE,FALSE,18-Nov-14,"Chilvers, B.L.","Goldsworthy, S.D.","Gales, N.J.","Lowry, L., Chiozza, F., Ahonen, H. & Battistoni, A."
22103,9356917,ANIMALIA,CHORDATA,MAMMALIA,SIRENIA,TRICHECHIDAE,Trichechus,manatus,,,,Trichechus manatus,"Linnaeus, 1758",VU,C1,FALSE,FALSE,30-Jun-08,"Deutsch, C.J., Self-Sullivan, C. & Mignucci-Giannoni, A.","Reynolds III, J.E. & Powell, J.A. (Sirenia Red List Authority)",,
10303,43792683,ANIMALIA,CHORDATA,MAMMALIA,SIRENIA,DUGONGIDAE,Hydrodamalis,gigas,,,,Hydrodamalis gigas,"(Zimmermann, 1780)",EX,,FALSE,FALSE,04-Apr-16,"Domning, D.","Morales-Vela, B.",,
22102,43793736,ANIMALIA,CHORDATA,MAMMALIA,SIRENIA,TRICHECHIDAE,Trichechus,inunguis,,,,Trichechus inunguis,"(Natterer, 1883)",VU,A3cd,FALSE,FALSE,28-Feb-16,"Marmontel, M., de Souza, D. & Kendall, S.","Morales-Vela, B., Castelblanco-Martínez, D.N. & Ortega-Argueta, A.","Alves dos Santos, G., Carvalho de Carvalho, C., Denkinger, J., Funi, C., Guzmán Téllez, J., Landeo, S., Maris Lazzarini, S., Leão, T., Lima, D.S., Silva Balarin, J., Sousa, M., Teran, A., Utreras, V. & de Almeida Coelho, A.G.",
4162,44199757,ANIMALIA,CHORDATA,MAMMALIA,CETARTIODACTYLA,DELPHINIDAE,Cephalorhynchus,hectori,,,,Cephalorhynchus hectori,"(van Beneden, 1881)",EN,A4d,FALSE,FALSE,01-Jul-08,"Reeves, R.R., Dawson, S.M., Jefferson, T.A., Karczmarski, L., Laidre, K., O’Corry-Crowe, G., Rojas-Bracho, L., Secchi, E.R., Slooten, E., Smith, B.D., Wang, J.Y. & Zhou, K.","Brownell Jr., R.L. & Cooke, J.",,
9561,45198537,ANIMALIA,CHORDATA,MAMMALIA,CARNIVORA,MUSTELIDAE,Gulo,gulo,,,,Gulo gulo,"(Linnaeus, 1758)",LC,,FALSE,FALSE,15-May-15,"Abramov, A.V.","Duckworth, J.W.","Maran, T. & Wozencraft, C",
12848,45199169,ANIMALIA,CHORDATA,MAMMALIA,CARNIVORA,MUSTELIDAE,Martes,martes,,,,Martes martes,"(Linnaeus, 1758)",LC,,FALSE,FALSE,03-Mar-15,"Herrero, J., Kranz, A., Skumatov, D., Abramov, A.V., Maran, T. & Monakhov, V.G.","Duckworth, J.W. & Schipper, J.","Conroy, J., Cavallini, P., Stubbe, M. & Tikhonov, A.",
13110,45199541,ANIMALIA,CHORDATA,MAMMALIA,CARNIVORA,MUSTELIDAE,Melogale,everetti,,,,Melogale everetti,"(Thomas, 1895)",EN,"B1ab(ii,iii,v)",FALSE,FALSE,03-Mar-15,"Wilting, A., Duckworth, J.W., Hearn, A. & Ross, J.","Schipper, J.","Wong, A. & Azlan J., M.",
14018,45199861,ANIMALIA,CHORDATA,MAMMALIA,CARNIVORA,MUSTELIDAE,Mustela,lutreola,,,,Mustela lutreola,"(Linnaeus, 1761)",CR,A3ce,FALSE,FALSE,03-Mar-15,"Maran, T., Skumatov, D., Gomez, A., Põdra, M., Abramov, A.V. & Dinets, V.","Schipper, J. & Duckworth, J.W.","Palazón, P., Saveljev, A., Kranz, A., Libois, R. & Aulagnier, S.",
14019,45200228,ANIMALIA,CHORDATA,MAMMALIA,CARNIVORA,MUSTELIDAE,Mustela,lutreolina,,,,Mustela lutreolina,"Robinson &amp; Thomas, 1917",LC,,FALSE,FALSE,03-Mar-15,"Duckworth, J.W., Holden, J., Eaton, J., Meijaard, E., Long, B. & Abramov, A.V.","Schipper, J.","McCarthy, J.",
14020,45200314,ANIMALIA,CHORDATA,MAMMALIA,CARNIVORA,MUSTELIDAE,Mustela,nigripes,,,,Mustela nigripes,"(Audubon &amp; Bachman, 1851)",EN,C1+2a(i); D,FALSE,FALSE,19-May-15,"Belant, J., Biggins, D., Garelle, D., Griebel, R.G. & Hughes, J.P.","Duckworth, J.W.","Gober, P. & Wells, S.",
14025,45200982,ANIMALIA,CHORDATA,MAMMALIA,CARNIVORA,MUSTELIDAE,Mustela,africana,,,,Mustela africana,"Desmarest, 1818",LC,,FALSE,FALSE,01-Mar-15,"Emmons, L. & Helgen, K.","Duckworth, J.W.",,
14026,45201088,ANIMALIA,CHORDATA,MAMMALIA,CARNIVORA,MUSTELIDAE,Mustela,felipei,,,,Mustela felipei,"Izor &amp; de la Torre, 1978",VU,C2a(i),FALSE,FALSE,10-Feb-16,"González-Maya, J.F., Emmons, L., Helgen, K. & Arias-Alzate, AAA","Hoffmann, M. & Duckworth, J.W.",,
14027,45201218,ANIMALIA,CHORDATA,MAMMALIA,CARNIVORA,MUSTELIDAE,Mustela,strigidorsa,,,,Mustela strigidorsa,"Gray, 1853",LC,,FALSE,FALSE,03-Mar-15,"Roberton, S., Duckworth, J.W., Timmins, R.J., Abramov, A.V., Chutipong, W., Choudhury, A., Willcox, D.H.A. & Dinets, V.","Schipper, J.","Yonzon, P., Coudrat, C.N.Z. & Thapa, S.",
29672,45202514,ANIMALIA,CHORDATA,MAMMALIA,CARNIVORA,MUSTELIDAE,Martes,foina,,,,Martes foina,"(Erxleben, 1777)",LC,,FALSE,FALSE,03-Mar-15,"Abramov, A.V., Kranz, A., Herrero, J., Choudhury, A. & Maran, T.","Schipper, J. & Duckworth, J.W.","Cavallini, P., Libois, R., Wozencraft, C, Fernandes, M.L., Giannatos, G., Tikhonov, A., Stubbe, M. & Yonzon, P.",
29673,45203002,ANIMALIA,CHORDATA,MAMMALIA,CARNIVORA,MUSTELIDAE,Meles,meles,,,,Meles meles,"(Linnaeus, 1758)",LC,,FALSE,FALSE,03-Mar-15,"Kranz, A., Abramov, A.V., Herrero, J. & Maran, T.","Schipper, J. & Duckworth, J.W.","Tikhonov, A., Conroy, J., Cavallini, P., Fernandes, M., Stubbe, M., Wozencraft, C & Basuony, M.I.",
29674,45203335,ANIMALIA,CHORDATA,MAMMALIA,CARNIVORA,MUSTELIDAE,Mustela,erminea,,,,Mustela erminea,"Linnaeus, 1758",LC,,FALSE,FALSE,02-May-15,"Reid, F., Helgen, K. & Kranz, A.","Duckworth, J.W.",,
29679,45203762,ANIMALIA,CHORDATA,MAMMALIA,CARNIVORA,MUSTELIDAE,Mustela,eversmanii,,,,Mustela eversmanii,"Lesson, 1827",LC,,FALSE,FALSE,03-Jan-15,"Maran, T., Skumatov, D., Abramov, A.V. & Kranz, A.","Pacifici, M.","Dinets, V., Wozencraft, C, Stubbe, M., Cavallini, P. & Tikhonov, A.",
29680,45203971,ANIMALIA,CHORDATA,MAMMALIA,CARNIVORA,MUSTELIDAE,Vormela,peregusna,,,,Vormela peregusna,"(Güldenstädt, 1770)",VU,A2c,FALSE,FALSE,03-Mar-15,"Abramov, A.V., Kranz, A. & Maran, T.","Schipper, J. & Duckworth, J.W.","Tikhonov, A., Cavallini, P., Herrero, J., Giannatos, G., Stubbe, M., Conroy, J., Kryštufek, B. & Wozencraft, C",
40784,45204492,ANIMALIA,CHORDATA,MAMMALIA,CARNIVORA,MUSTELIDAE,Neovison,macrodon,,,,Neovison macrodon,"(Prentis, 1903)",EX,,FALSE,FALSE,02-May-15,"Helgen, K. & Turvey, S.T.","Duckworth, J.W.",,
41626,45209676,ANIMALIA,CHORDATA,MAMMALIA,CARNIVORA,MUSTELIDAE,Melogale,moschata,,,,Melogale moschata,"(Gray, 1831)",LC,,FALSE,FALSE,03-Mar-15,"Duckworth, J.W., Abramov, A.V., Willcox, D.H.A., Timmins, R.J., Choudhury, A., Roberton, S., Long, B. & Lau, M.","Schipper, J.","Coudrat, C.N.Z.",
41627,45209826,ANIMALIA,CHORDATA,MAMMALIA,CARNIVORA,MUSTELIDAE,Melogale,personata,,,,Melogale personata,"I. Geoffroy Saint-Hilaire, 1831",LC,,FALSE,FALSE,03-Mar-15,"Duckworth, J.W., Long, B., Willcox, D.H.A., Coudrat, C.N.Z., Timmins, R.J., Abramov, A.V., Chan, B.P.L. & Chutipong, W.","Schipper, J.","Rasphone, A., Ghimirey, Y., Baral, H.S., Yonzon, P., Roberton, S., Chetri, M., Datta, A., Choudhury, A., Kakati, K. & Holden, J.",
41629,45210107,ANIMALIA,CHORDATA,MAMMALIA,CARNIVORA,MUSTELIDAE,Mellivora,capensis,,,,Mellivora capensis,"(Schreber, 1776)",LC,,FALSE,FALSE,28-Feb-15,"Do Linh San, E., Begg, C., Begg, K. & Abramov, A.V.","Duckworth, J.W. & Hoffmann, M.","Pacifici, M.",
41639,45211832,ANIMALIA,CHORDATA,MAMMALIA,CARNIVORA,MUSTELIDAE,Galictis,cuja,,,,Galictis cuja,"(Molina, 1782)",LC,,FALSE,FALSE,01-Mar-15,"Helgen, K. & Schiaffini, M.","Duckworth, J.W.",,
41640,45211961,ANIMALIA,CHORDATA,MAMMALIA,CARNIVORA,MUSTELIDAE,Galictis,vittata,,,,Galictis vittata,"(Schreber, 1776)",LC,,FALSE,FALSE,01-Mar-15,"Cuarón, A.D., Reid, F., González-Maya, J.F. & Helgen, K.","Duckworth, J.W.",,
41644,45212151,ANIMALIA,CHORDATA,MAMMALIA,CARNIVORA,MUSTELIDAE,Eira,barbara,,,,Eira barbara,"(Linnaeus, 1758)",LC,,FALSE,FALSE,01-Mar-15,"Cuarón, A.D., Reid, F., Helgen, K. & González-Maya, J.F.","Duckworth, J.W.",,
41645,45212347,ANIMALIA,CHORDATA,MAMMALIA,CARNIVORA,MUSTELIDAE,Ictonyx,libycus,,,,Ictonyx libycus,"(Hemprich &amp; Ehrenberg, 1833)",LC,,FALSE,FALSE,28-Feb-15,"Ahmim, M. & Do Linh San, E.","Duckworth, J.W. & Hoffmann, M.","Hoffmann, M., Cuzin, F. & De Smet, K.",
41646,45212491,ANIMALIA,CHORDATA,MAMMALIA,CARNIVORA,MUSTELIDAE,Ictonyx,striatus,,,,Ictonyx striatus,"(Perry, 1810)",LC,,FALSE,FALSE,28-Feb-15,"Stuart, C., Stuart, M. & Do Linh San, E.","Duckworth, J.W. & Hoffmann, M.","Hoffmann, M.",
41647,45212747,ANIMALIA,CHORDATA,MAMMALIA,CARNIVORA,MUSTELIDAE,Lyncodon,patagonicus,,,,Lyncodon patagonicus,"(de Blainville, 1842)",LC,,FALSE,FALSE,11-Feb-16,"Kelt, D., Pardiñas, U., Schiaffini, M. & González-Maya, J.F.","Hoffmann, M. & Duckworth, J.W.",,
41648,45212861,ANIMALIA,CHORDATA,MAMMALIA,CARNIVORA,MUSTELIDAE,Martes,americana,,,,Martes americana,"(Turton, 1806)",LC,,FALSE,FALSE,01-Mar-15,"Helgen, K. & Reid, F.","Duckworth, J.W.",,
41649,45212973,ANIMALIA,CHORDATA,MAMMALIA,CARNIVORA,MUSTELIDAE,Martes,flavigula,,,,Martes flavigula,"(Boddaert, 1785)",LC,,FALSE,FALSE,03-Mar-15,"Chutipong, W., Duckworth, J.W., Timmins, R.J., Choudhury, A., Abramov, A.V., Roberton, S., Long, B., Rahman, H., Hearn, A., Dinets, V. & Willcox, D.H.A.","Schipper, J.","Zaw, T.",
41650,45213228,ANIMALIA,CHORDATA,MAMMALIA,CARNIVORA,MUSTELIDAE,Martes,melampus,,,,Martes melampus,"(Wagner, 1840)",LC,,FALSE,FALSE,03-Mar-15,"Abramov, A.V., Kaneko, Y. & Masuda, R.","Duckworth, J.W. & Schipper, J.","Wozencraft, C",
41652,45213477,ANIMALIA,CHORDATA,MAMMALIA,CARNIVORA,MUSTELIDAE,Martes,zibellina,,,,Martes zibellina,"(Linnaeus, 1758)",LC,,FALSE,FALSE,03-Mar-15,"Monakhov, V.G.","Duckworth, J.W., Schipper, J. & Abramov, A.V.","Wozencraft, C",
41653,45213647,ANIMALIA,CHORDATA,MAMMALIA,CARNIVORA,MUSTELIDAE,Mustela,altaica,,,,Mustela altaica,"Pallas, 1811",NT,,FALSE,FALSE,03-Mar-15,"Abramov, A.V.","Duckworth, J.W. & Schipper, J.","Wozencraft, C & Wang, Y.-X.",
41654,45213820,ANIMALIA,CHORDATA,MAMMALIA,CARNIVORA,MUSTELIDAE,Mustela,frenata,,,,Mustela frenata,"Lichtenstein, 1831",LC,,FALSE,FALSE,01-Mar-15,"Helgen, K. & Reid, F.","Duckworth, J.W.",,
41655,45214014,ANIMALIA,CHORDATA,MAMMALIA,CARNIVORA,MUSTELIDAE,Mustela,kathiah,,,,Mustela kathiah,"Hodgson, 1835",LC,,FALSE,FALSE,03-Mar-15,"Willcox, D.H.A., Duckworth, J.W., Timmins, R.J., Abramov, A.V., Choudhury, A., Chutipong, W., Chan, B.P.L., Lau, M. & Roberton, S.","Schipper, J.","Ved, N.",
41656,45214163,ANIMALIA,CHORDATA,MAMMALIA,CARNIVORA,MUSTELIDAE,Mustela,itatsi,,,,Mustela itatsi,"Temminck, 1844",NT,,FALSE,FALSE,03-Mar-15,"Kaneko, Y., Masuda, R. & Abramov, A.V.","Duckworth, J.W. & Schipper, J.","Wozencraft, C",
41657,45214257,ANIMALIA,CHORDATA,MAMMALIA,CARNIVORA,MUSTELIDAE,Mustela,nudipes,,,,Mustela nudipes,"Desmarest, 1822",LC,,FALSE,FALSE,07-Mar-15,"Duckworth, J.W., Chutipong, W., Hearn, A. & Ross, J.","Schipper, J.","Kanchanasaka, B.",
41658,45214384,ANIMALIA,CHORDATA,MAMMALIA,CARNIVORA,MUSTELIDAE,Mustela,putorius,,,,Mustela putorius,"Linnaeus, 1758",LC,,FALSE,FALSE,05-Mar-16,"Skumatov, D., Abramov, A.V., Herrero, J., Kitchener, A., Maran, T., Kranz, A., Sándor, A., Saveljev, A., Savouré-Soubelet, A., Guinot-Ghestem, M., Zuberogoitia, I., Birks, J.D.S., Weber, A., Melisch, R. & Ruette, S.","Pacifici, M.","Fernandes, M.L., Tikhonov, A., Conroy, J., Cavallini, P., Stubbe, M., Wozencraft, C, Gippoliti, S., Veron, G., Outhwaite, W, Oldfield, T.E.E., Dronova, N., Xiao, Y., Kecse-Nagy, K., Pavanello, M., Dollinger, P., Croose, E., Sacre, V. & Vaisman, A.",
41659,45214744,ANIMALIA,CHORDATA,MAMMALIA,CARNIVORA,MUSTELIDAE,Mustela,sibirica,,,,Mustela sibirica,"Pallas, 1773",LC,,FALSE,FALSE,03-Mar-15,"Abramov, A.V., Duckworth, J.W., Choudhury, A., Chutipong, W., Timmins, R.J., Ghimirey, Y., Chan, B.P.L. & Dinets, V.","Schipper, J.",,
41661,45214988,ANIMALIA,CHORDATA,MAMMALIA,CARNIVORA,MUSTELIDAE,Neovison,vison,,,,Neovison vison,"(Schreber, 1777)",LC,,FALSE,FALSE,01-Mar-15,"Reid, F., Schiaffini, M. & Schipper, J.","Duckworth, J.W.",,
41662,45215258,ANIMALIA,CHORDATA,MAMMALIA,CARNIVORA,MUSTELIDAE,Poecilogale,albinucha,,,,Poecilogale albinucha,"(Gray, 1864)",LC,,FALSE,FALSE,28-Feb-15,"Stuart, C., Stuart, M. & Do Linh San, E.","Duckworth, J.W. & Hoffmann, M.","Hoffmann, M.",
41663,45215410,ANIMALIA,CHORDATA,MAMMALIA,CARNIVORA,MUSTELIDAE,Taxidea,taxus,,,,Taxidea taxus,"(Schreber, 1777)",LC,,FALSE,FALSE,01-Mar-15,"Helgen, K. & Reid, F.","Duckworth, J.W.",,
41697,45218557,ANIMALIA,CHORDATA,MAMMALIA,CARNIVORA,MUSTELIDAE,Melogale,orientalis,,,,Melogale orientalis,"(Horsfield, 1821)",LC,,FALSE,FALSE,03-Mar-15,"Duckworth, J.W., Shepherd, C., Rode-Margono, E.J., Wilianto, E., Spaan, D. & Abramov, A.V.","Schipper, J.","Brickle, N. & Wibisono, H.",
136242,45221049,ANIMALIA,CHORDATA,MAMMALIA,CARNIVORA,MUSTELIDAE,Meles,anakuma,,,,Meles anakuma,"Temminck, 1844",LC,,FALSE,FALSE,03-Mar-15,"Kaneko, Y., Masuda, R. & Abramov, A.V.","Schipper, J. & Duckworth, J.W.","Sasaki, H.",
136385,45221149,ANIMALIA,CHORDATA,MAMMALIA,CARNIVORA,MUSTELIDAE,Meles,leucurus,,,,Meles leucurus,"(Hodgson, 1847)",LC,,FALSE,FALSE,03-Mar-15,"Abramov, A.V.","Schipper, J. & Duckworth, J.W.","Wozencraft, C",
2055,45223529,ANIMALIA,CHORDATA,MAMMALIA,CARNIVORA,OTARIIDAE,Arctocephalus,australis,,,,Arctocephalus australis,"(Zimmermann, 1783)",LC,,FALSE,FALSE,28-Jan-16,"Cárdenas-Alayza, S., Oliveira, L. & Crespo, E.","Brownell Jr., R.L.","Oliva, D. & Sepúlveda, M.","Lowry, L., Ahonen, H., Pollock, C.M., Chiozza, F. & Battistoni, A."
2057,45223722,ANIMALIA,CHORDATA,MAMMALIA,CARNIVORA,OTARIIDAE,Arctocephalus,galapagoensis,,,,Arctocephalus galapagoensis,"Heller, 1904",EN,A2ab,FALSE,FALSE,30-Oct-14,"Trillmich, F.","Aurioles-Gamboa, D.",,"Lowry, L., Ahonen, H., Chiozza, F. & Battistoni, A."
2060,45224212,ANIMALIA,CHORDATA,MAMMALIA,CARNIVORA,OTARIIDAE,Arctocephalus,pusillus,,,,Arctocephalus pusillus,"(Schreber, 1775)",LC,,FALSE,FALSE,02-Mar-15,"Hofmeyr, G.J.G.","Goldsworthy, S.D.","Kirkman, S., Meÿer, M. & Roux, J.-P","Lowry, L., Ahonen, H., Pollock, C.M., Chiozza, F. & Battistoni, A."
2061,45224420,ANIMALIA,CHORDATA,MAMMALIA,CARNIVORA,OTARIIDAE,Arctocephalus,townsendi,,,,Arctocephalus townsendi,"Merriam, 1897",LC,,FALSE,FALSE,10-Oct-14,"Aurioles-Gamboa, D.","Trillmich, F., Bohórquez-Herrera, J. & Hernández-Camacho, J.",,"Lowry, L., Ahonen, H., Chiozza, F. & Battistoni, A."
2062,45224547,ANIMALIA,CHORDATA,MAMMALIA,CARNIVORA,OTARIIDAE,Arctocephalus,tropicalis,,,,Arctocephalus tropicalis,"(J.E. Gray, 1872)",LC,,FALSE,FALSE,10-Dec-14,"Hofmeyr, G.J.G.","Goldsworthy, S.D.",,"Lowry, L., Pollock, C.M., Ahonen, H., Chiozza, F. & Battistoni, A."
3590,45224953,ANIMALIA,CHORDATA,MAMMALIA,CARNIVORA,OTARIIDAE,Callorhinus,ursinus,,,,Callorhinus ursinus,"(Linnaeus, 1758)",VU,A2b,FALSE,FALSE,26-Mar-15,"Gelatt, T., Ream, R. & Johnson, D.","Lowry, L.",,"Lowry, L., Ahonen, H., Pollock, C.M., Chiozza, F. & Battistoni, A."
6204,45225150,ANIMALIA,CHORDATA,MAMMALIA,CARNIVORA,PHOCIDAE,Cystophora,cristata,,,,Cystophora cristata,"(Erxleben, 1777)",VU,A3c,FALSE,FALSE,07-Jun-15,"Kovacs, K.M.","Lowry, L.",,"Lowry, L., Ahonen, H., Pollock, C.M., Chiozza, F. and Battistoni, A."
8010,45225428,ANIMALIA,CHORDATA,MAMMALIA,CARNIVORA,PHOCIDAE,Erignathus,barbatus,,,,Erignathus barbatus,"(Erxleben, 1777)",LC,,FALSE,FALSE,17-Feb-16,"Kovacs, K.M.","Lowry, L.",,"Lowry, L., Ahonen, H., Pollock, C.M., Chiozza, F. and Battistoni, A."
8239,45225749,ANIMALIA,CHORDATA,MAMMALIA,CARNIVORA,OTARIIDAE,Eumetopias,jubatus,,,,Eumetopias jubatus,"(Schreber, 1776)",NT,,FALSE,FALSE,04-Feb-16,"Gelatt, T. & Sweeney, K.","Lowry, L.","Fritz, L. & Burkanov, V.","Lowry, L., Ahonen, H., Pollock, C.M., Chiozza, F. and Battistoni, A."
9660,45226042,ANIMALIA,CHORDATA,MAMMALIA,CARNIVORA,PHOCIDAE,Halichoerus,grypus,,,,Halichoerus grypus,"(Fabricius, 1791)",LC,,FALSE,FALSE,01-Mar-16,"Bowen, D.","Kovacs, K.M.",,"Lowry, L., Ahonen, H., Pollock, C.M., Chiozza, F. and Battistoni, A."
10340,45226422,ANIMALIA,CHORDATA,MAMMALIA,CARNIVORA,PHOCIDAE,Hydrurga,leptonyx,,,,Hydrurga leptonyx,"(de Blainville, 1820)",LC,,FALSE,FALSE,20-Jan-15,"Hückstädt, L.","Kovacs, K.M.",,"Lowry, L., Ahonen, H., Pollock, C.M., Chiozza, F. & Battistoni, A."
11696,45226713,ANIMALIA,CHORDATA,MAMMALIA,CARNIVORA,PHOCIDAE,Leptonychotes,weddellii,,,,Leptonychotes weddellii,"(Lesson, 1826)",LC,,FALSE,FALSE,02-Dec-14,"Hückstädt, L.","Boveng, P.",,"Lowry, L., Ahonen, H., Pollock, C.M., Chiozza, F. & Battistoni, A."
12246,45226918,ANIMALIA,CHORDATA,MAMMALIA,CARNIVORA,PHOCIDAE,Lobodon,carcinophaga,,,,Lobodon carcinophaga,"(Hombron & Jacquinot, 1842)",LC,,FALSE,FALSE,01-Dec-14,"Hückstädt, L.","Boveng, P.",,"Lowry, L., Ahonen, H., Pollock, C.M., Chiozza, F. & Battistoni, A."
13581,45227116,ANIMALIA,CHORDATA,MAMMALIA,CARNIVORA,PHOCIDAE,Mirounga,angustirostris,,,,Mirounga angustirostris,"(Gill, 1866)",LC,,FALSE,FALSE,08-Dec-14,"Hückstädt, L.","Hofmeyr, G.J.G.","Campagna, C.","Lowry, L., Ahonen, H., Chiozza, F. & Battistoni, A."
13583,45227247,ANIMALIA,CHORDATA,MAMMALIA,CARNIVORA,PHOCIDAE,Mirounga,leonina,,,,Mirounga leonina,"(Linnaeus, 1758)",LC,,FALSE,FALSE,12-Dec-14,"Hofmeyr, G.J.G.","Hückstädt, L.A.",,"Lowry, L., Ahonen, H., Pollock, C.M., Chiozza, F. & Battistoni, A."
13654,45227978,ANIMALIA,CHORDATA,MAMMALIA,CARNIVORA,PHOCIDAE,Neomonachus,schauinslandi,,,,Neomonachus schauinslandi,"(Matschie, 1905)",EN,C1,FALSE,FALSE,18-Nov-14,"Littnan, C., Harting, A. & Baker, J.","Karamanlidis, A.A. & Trillmich, F.","Aguilar, A.","Lowry, L., Ahonen, H., Chiozza, F. & Battistoni, A."
13655,45228171,ANIMALIA,CHORDATA,MAMMALIA,CARNIVORA,PHOCIDAE,Neomonachus,tropicalis,,,,Neomonachus tropicalis,"(Gray, 1850)",EX,,FALSE,FALSE,04-Jun-14,"Lowry, L.","Littnan, C.","Kovacs, K.M.","Chiozza, F. & Battistoni, A."
14549,45228341,ANIMALIA,CHORDATA,MAMMALIA,CARNIVORA,OTARIIDAE,Neophoca,cinerea,,,,Neophoca cinerea,"(Péron, 1816)",EN,A2bd,FALSE,FALSE,03-Nov-14,"Goldsworthy, S.D.","Chilvers, B.L.","Gales, N.J.","Lowry, L., Ahonen, H., Chiozza, F. & Battistoni, A."
15106,45228501,ANIMALIA,CHORDATA,MAMMALIA,CARNIVORA,ODOBENIDAE,Odobenus,rosmarus,,,,Odobenus rosmarus,"(Linnaeus, 1758)",VU,A3c,FALSE,FALSE,05-Feb-16,"Lowry, L.","Kovacs, K.M.",,"Ahonen, H., Pollock, C.M., Chiozza, F. and Battistoni, A."
15269,45228952,ANIMALIA,CHORDATA,MAMMALIA,CARNIVORA,PHOCIDAE,Ommatophoca,rossii,,,,Ommatophoca rossii,"(Gray, 1844)",LC,,FALSE,FALSE,30-Sep-14,"Hückstädt, L.","Kovacs, K.M.",,"Lowry, L., Ahonen, H., Pollock, C.M., Chiozza, F. & Battistoni, A."
17013,45229114,ANIMALIA,CHORDATA,MAMMALIA,CARNIVORA,PHOCIDAE,Phoca,vitulina,,,,Phoca vitulina,"Linnaeus, 1758",LC,,FALSE,FALSE,04-Jan-16,"Lowry, L.","Harvey, J.",,"Ahonen, H., Pollock, C.M., Chiozza, F. & Battistoni, A."
17023,45229806,ANIMALIA,CHORDATA,MAMMALIA,CARNIVORA,PHOCIDAE,Phoca,largha,,,,Phoca largha,"(Pallas, 1811)",LC,,FALSE,FALSE,03-Jun-15,"Boveng, P.","Lowry, L.",,"Lowry, L., Ahonen, H., Pollock, C.M., Chiozza, F. & Battistoni, A."
41664,45230026,ANIMALIA,CHORDATA,MAMMALIA,CARNIVORA,OTARIIDAE,Arctocephalus,forsteri,,,,Arctocephalus forsteri,"(Lesson, 1828)",LC,,FALSE,FALSE,05-Nov-14,"Chilvers, B.L. & Goldsworthy, S.D.","Lowry, L.","Gales, N.J.","Lowry, L., Battistoni, A., Ahonen, H. & Chiozza, F."
41666,45230310,ANIMALIA,CHORDATA,MAMMALIA,CARNIVORA,OTARIIDAE,Zalophus,californianus,,,,Zalophus californianus,"(Lesson, 1828)",LC,,FALSE,FALSE,12-Dec-14,"Aurioles-Gamboa, D. & Hernández-Camacho, J.","Harvey, J.",,"Lowry, L., Ahonen, H., Pollock, C.M., Chiozza, F. & Battistoni, A."
41668,45230540,ANIMALIA,CHORDATA,MAMMALIA,CARNIVORA,OTARIIDAE,Zalophus,wollebaeki,,,,Zalophus wollebaeki,"Sivertsen, 1953",EN,A2ab,FALSE,FALSE,26-Oct-14,"Trillmich, F.","Aurioles-Gamboa, D.",,"Lowry, L., Pollock, C.M., Ahonen, H., Chiozza, F. & Battistoni, A."
41669,45230700,ANIMALIA,CHORDATA,MAMMALIA,CARNIVORA,PHOCIDAE,Pusa,caspica,,,,Pusa caspica,"(Gmelin, 1788)",EN,A2b,FALSE,FALSE,10-Jul-15,"Goodman, S. & Dmitrieva, L.","Lowry, L.","Härkönen , T.","Lowry, L., Ahonen, H., Pollock, C.M., Chiozza, F. & Battistoni, A."
41670,45230946,ANIMALIA,CHORDATA,MAMMALIA,CARNIVORA,PHOCIDAE,Histriophoca,fasciata,,,,Histriophoca fasciata,"(Zimmerman, 1783)",LC,,FALSE,FALSE,09-Jun-15,"Lowry, L.","Boveng, P.",,"Ahonen, H., Pollock, C.M., Chiozza, F. and Battistoni, A."
41671,45231087,ANIMALIA,CHORDATA,MAMMALIA,CARNIVORA,PHOCIDAE,Pagophilus,groenlandicus,,,,Pagophilus groenlandicus,"(Erxleben, 1777)",LC,,FALSE,FALSE,06-Jun-15,"Kovacs, K.M.","Lowry, L.",,"Lowry, L., Ahonen, H., Pollock, C.M., Chiozza, F. & Battistoni, A."
41672,45231341,ANIMALIA,CHORDATA,MAMMALIA,CARNIVORA,PHOCIDAE,Pusa,hispida,,,,Pusa hispida,"(Schreber, 1775)",LC,,FALSE,FALSE,16-Jan-16,"Lowry, L.","Boveng, P.","Kovacs, K.M. & Härkönen , T.","Ahonen, H., Pollock, C.M., Battistoni, A. & Chiozza, F."
41676,45231738,ANIMALIA,CHORDATA,MAMMALIA,CARNIVORA,PHOCIDAE,Pusa,sibirica,,,,Pusa sibirica,"(Gmelin, 1788)",LC,,FALSE,FALSE,10-Jul-15,"Goodman, S.","Lowry, L.","Dmitrieva, L. & Burkanov, V.","Lowry, L., Ahonen, H., Pollock, C.M., Chiozza, F. & Battistoni, A."
2467,50347659,ANIMALIA,CHORDATA,MAMMALIA,CETARTIODACTYLA,BALAENIDAE,Balaena,mysticetus,,,,Balaena mysticetus,"Linnaeus, 1758",LC,,FALSE,FALSE,01-Jan-18,"Cooke, J.G. & Reeves, R.","George, C., Moore, S., Taylor, B.L. & Lowry, L.","Stanfield, M.","Lowry, L."
2474,50348265,ANIMALIA,CHORDATA,MAMMALIA,CETARTIODACTYLA,BALAENOPTERIDAE,Balaenoptera,acutorostrata,,,,Balaenoptera acutorostrata,"Lacépède, 1804",LC,,FALSE,FALSE,16-Mar-18,"Cooke, J.G.","Hammond, P.S., Reeves, R., Taylor, B.L., Donovan, G. & Brownell Jr., R.L.","Ashe, E.","Lowry, L."
2476,50349178,ANIMALIA,CHORDATA,MAMMALIA,CETARTIODACTYLA,BALAENOPTERIDAE,Balaenoptera,edeni,,,,Balaenoptera edeni,"Anderson, 1879",LC,,FALSE,FALSE,27-Dec-17,"Cooke, J.G. & Brownell Jr., R.L.","Jackson, J., Zerbini, A.N., Taylor, B.L. & Reeves, R.","Stanfield, M.","Lowry, L."
2478,50349982,ANIMALIA,CHORDATA,MAMMALIA,CETARTIODACTYLA,BALAENOPTERIDAE,Balaenoptera,physalus,,,,Balaenoptera physalus,"(Linnaeus, 1758)",VU,A1d,FALSE,FALSE,04-Feb-18,"Cooke, J.G.","Brownell Jr., R.L. & Reeves, R.","Stanfield, M.","Lowry, L."
2480,50350661,ANIMALIA,CHORDATA,MAMMALIA,CETARTIODACTYLA,BALAENOPTERIDAE,Balaenoptera,bonaerensis,,,,Balaenoptera bonaerensis,"Burmeister, 1867",NT,A2b,FALSE,FALSE,02-Jan-18,"Cooke, J.G., Zerbini, A.N. & Taylor, B.L.","Reeves, R., Jackson, J. & Brownell Jr., R.L.","Stanfield, M.","Lowry, L."
2763,50351457,ANIMALIA,CHORDATA,MAMMALIA,CETARTIODACTYLA,ZIPHIIDAE,Berardius,bairdii,,,,Berardius bairdii,"Stejneger, 1883",LC,,FALSE,FALSE,23-Aug-20,"Taylor, B.L. & Brownell Jr., R.L.","Barlow, J., Reeves, R. & Cipriano, F.",,"Braulik, G."
3778,50351626,ANIMALIA,CHORDATA,MAMMALIA,CETARTIODACTYLA,NEOBALAENIDAE,Caperea,marginata,,,,Caperea marginata,"(Gray, 1846)",LC,,FALSE,FALSE,04-Jan-18,"Cooke, J.G.","Reeves, R., Zerbini, A.N. & Brownell Jr., R.L.","Morris, E.","Lowry, L."
4160,50351955,ANIMALIA,CHORDATA,MAMMALIA,CETARTIODACTYLA,DELPHINIDAE,Cephalorhynchus,eutropia,,,,Cephalorhynchus eutropia,"Gray, 1846",NT,C1+2a(i),FALSE,FALSE,25-Jul-17,"Heinrich, S. & Reeves, R.","Brownell, R., Hammond, P.S. & Secchi, E.",,"Lowry, L."
4161,50352086,ANIMALIA,CHORDATA,MAMMALIA,CETARTIODACTYLA,DELPHINIDAE,Cephalorhynchus,heavisidii,,,,Cephalorhynchus heavisidii,"(Gray, 1828)",NT,C1,FALSE,FALSE,17-Sep-17,"Elwen, S. & Gopal, K.","Reeves, R., Hammond, P.S., Heinrich, S., Jefferson, T.A., Braulik, G.T. & Collins, T.",,"Lowry, L."
6335,50352346,ANIMALIA,CHORDATA,MAMMALIA,CETARTIODACTYLA,MONODONTIDAE,Delphinapterus,leucas,,,,Delphinapterus leucas,"(Pallas, 1776)",LC,,FALSE,FALSE,22-Jun-17,"Lowry, L., Reeves, R. & Laidre, K.","Taylor, B.L. & Moore, S.",,"Chiozza, F. & Pollock, C.M."
8097,50353881,ANIMALIA,CHORDATA,MAMMALIA,CETARTIODACTYLA,ESCHRICHTIIDAE,Eschrichtius,robustus,,,,Eschrichtius robustus,"(Lilljeborg, 1861)",LC,,FALSE,FALSE,30-Dec-17,"Cooke, J.G.","Brownell Jr., R.L., Lang, A., Reeves, R. & Taylor, B.L.","Astudillo-Scalia, Y.","Lowry, L."
8153,50354147,ANIMALIA,CHORDATA,MAMMALIA,CETARTIODACTYLA,BALAENIDAE,Eubalaena,australis,,,,Eubalaena australis,"(Desmoulins, 1822)",LC,,FALSE,FALSE,21-Dec-17,"Cooke, J.G. & Zerbini, A.N.","Brownell Jr., R.L., Clapham, P.J., Jackson, J., Reeves, R. & Taylor, B.L.","Ashe, E.","Lowry, L."
8551,50354433,ANIMALIA,CHORDATA,MAMMALIA,CETARTIODACTYLA,DELPHINIDAE,Feresa,attenuata,,,,Feresa attenuata,"Gray, 1875",LC,,FALSE,FALSE,13-Mar-17,"Braulik, G.","Reeves, R. & Taylor, B.L.",,"Lowry, L."
9249,50355227,ANIMALIA,CHORDATA,MAMMALIA,CETARTIODACTYLA,DELPHINIDAE,Globicephala,macrorhynchus,,,,Globicephala macrorhynchus,"Gray, 1846",LC,,FALSE,FALSE,18-Jun-18,"Minton, G., Braulik, G. & Reeves, R.","Taylor, B.L. & Olson, P.",,"Lowry, L."
9250,50356171,ANIMALIA,CHORDATA,MAMMALIA,CETARTIODACTYLA,DELPHINIDAE,Globicephala,melas,,,,Globicephala melas,"(Traill, 1809)",LC,,FALSE,FALSE,18-Jun-18,"Minton, G., Reeves, R. & Braulik, G.","Taylor, B.L., Olson, P., Pike, D. & Desportes, G.",,"Lowry, L."
9461,50356660,ANIMALIA,CHORDATA,MAMMALIA,CETARTIODACTYLA,DELPHINIDAE,Grampus,griseus,,,,Grampus griseus,"(G. Cuvier, 1812)",LC,,FALSE,FALSE,21-Feb-18,"Kiszka, J. & Braulik, G.","Reeves, R.",,"Lowry, L."
10707,50357742,ANIMALIA,CHORDATA,MAMMALIA,CETARTIODACTYLA,ZIPHIIDAE,Hyperoodon,ampullatus,,,,Hyperoodon ampullatus,"(Forster, 1770)",NT,C1,FALSE,FALSE,20-Oct-20,"Whitehead, H., Reeves, R., Feyrer, L. & Brownell Jr., R.L.","Taylor, B.L.",,"Braulik, G."
10708,50357964,ANIMALIA,CHORDATA,MAMMALIA,CETARTIODACTYLA,ZIPHIIDAE,Hyperoodon,planifrons,,,,Hyperoodon planifrons,"Flower, 1882",LC,,FALSE,FALSE,06-Nov-18,"Lowry, L. & Brownell Jr., R.L.","Taylor, B.L. & Cipriano, F.",,"Braulik, G."
10831,50358152,ANIMALIA,CHORDATA,MAMMALIA,CETARTIODACTYLA,INIIDAE,Inia,geoffrensis,,,,Inia geoffrensis,"(Blainville, 1817)",EN,A2acd+3cd+4acd,FALSE,FALSE,21-Jun-18,"da Silva, V., Trujillo, F., Martin, A., Zerbini, A.N., Crespo, E., Aliaga-Rossel, E. & Reeves, R.","Barlow, J., Braulik, G.T., Brownell, R., Hammond, P.S., Smith, B.D. & Taylor, B.L.","Brum, S. & Gravena, W.","Lowry, L."
11140,50360282,ANIMALIA,CHORDATA,MAMMALIA,CETARTIODACTYLA,DELPHINIDAE,Lagenodelphis,hosei,,,,Lagenodelphis hosei,"Fraser, 1956",LC,,FALSE,FALSE,22-Feb-18,"Kiszka, J. & Braulik, G.","Reeves, R.",,"Lowry, L."
11141,50361160,ANIMALIA,CHORDATA,MAMMALIA,CETARTIODACTYLA,DELPHINIDAE,Lagenorhynchus,acutus,,,,Lagenorhynchus acutus,"(Gray, 1828)",LC,,FALSE,FALSE,01-Apr-19,"Braulik, G.","Reeves, R.",,
11142,50361346,ANIMALIA,CHORDATA,MAMMALIA,CETARTIODACTYLA,DELPHINIDAE,Lagenorhynchus,albirostris,,,,Lagenorhynchus albirostris,"(Gray, 1846)",LC,,FALSE,FALSE,18-Mar-18,"Kiszka, J. & Braulik, G.","Reeves, R.",,"Lowry, L."
11143,50361589,ANIMALIA,CHORDATA,MAMMALIA,CETARTIODACTYLA,DELPHINIDAE,Lagenorhynchus,australis,,,,Lagenorhynchus australis,"(Peale, 1848)",LC,,FALSE,FALSE,30-Jul-18,"Heinrich, S. & Dellabianca, N.","Reeves, R. & Braulik, G.",,"Lowry, L."
11144,50361701,ANIMALIA,CHORDATA,MAMMALIA,CETARTIODACTYLA,DELPHINIDAE,Lagenorhynchus,cruciger,,,,Lagenorhynchus cruciger,"(Quoy & Gaimard, 1824)",LC,,FALSE,FALSE,18-Mar-18,"Braulik, G.","Reeves, R.",,"Lowry, L."
11145,50361866,ANIMALIA,CHORDATA,MAMMALIA,CETARTIODACTYLA,DELPHINIDAE,Lagenorhynchus,obliquidens,,,,Lagenorhynchus obliquidens,"Gill, 1865",LC,,FALSE,FALSE,11-May-18,"Ashe, E. & Braulik, G.","Reeves, R. & Taylor, B.L.",,"Lowry, L."
12125,50362415,ANIMALIA,CHORDATA,MAMMALIA,CETARTIODACTYLA,DELPHINIDAE,Lissodelphis,borealis,,,,Lissodelphis borealis,"(Peale, 1848)",LC,,FALSE,FALSE,16-Apr-18,"Braulik, G. & Jefferson, T.A.","Reeves, R.",,"Lowry, L."
12126,50362558,ANIMALIA,CHORDATA,MAMMALIA,CETARTIODACTYLA,DELPHINIDAE,Lissodelphis,peronii,,,,Lissodelphis peronii,"(Lacépède, 1804)",LC,,FALSE,FALSE,20-Mar-18,"Braulik, G.","Reeves, R. & Taylor, B.L.",,"Lowry, L."
13006,50362794,ANIMALIA,CHORDATA,MAMMALIA,CETARTIODACTYLA,BALAENOPTERIDAE,Megaptera,novaeangliae,,,,Megaptera novaeangliae,"(Borowski, 1781)",LC,,FALSE,FALSE,24-Mar-18,"Cooke, J.G.","Clapham, P.J., Taylor, B.L., Reeves, R. & Brownell Jr., R.L.","Astudillo-Scalia, Y.","Lowry, L."
13241,50363686,ANIMALIA,CHORDATA,MAMMALIA,CETARTIODACTYLA,ZIPHIIDAE,Mesoplodon,bidens,,,,Mesoplodon bidens,"(Sowerby, 1804)",LC,,FALSE,FALSE,23-Aug-20,"Pitman, R.L. & Brownell Jr., R.L.","Reeves, R. & Taylor, B.L.",,"Braulik, G."
13242,50363892,ANIMALIA,CHORDATA,MAMMALIA,CETARTIODACTYLA,ZIPHIIDAE,Mesoplodon,bowdoini,,,,Mesoplodon bowdoini,"Andrews, 1908",DD,,FALSE,FALSE,23-Aug-20,"Pitman, R.L. & Brownell Jr., R.L.","Reeves, R. & Taylor, B.L.",,"Braulik, G."
13243,50364109,ANIMALIA,CHORDATA,MAMMALIA,CETARTIODACTYLA,ZIPHIIDAE,Mesoplodon,carlhubbsi,,,,Mesoplodon carlhubbsi,"Moore, 1963",DD,,FALSE,FALSE,13-Aug-20,"Pitman, R.L. & Brownell Jr., R.L.","Reeves, R. & Taylor, B.L.",,
13244,50364253,ANIMALIA,CHORDATA,MAMMALIA,CETARTIODACTYLA,ZIPHIIDAE,Mesoplodon,densirostris,,,,Mesoplodon densirostris,"(Blainville, 1817)",LC,,FALSE,FALSE,23-Aug-20,"Pitman, R.L. & Brownell Jr., R.L.","Baird, R.W., Taylor, B.L. & Braulik, G.",,"Braulik, G."
13245,50365198,ANIMALIA,CHORDATA,MAMMALIA,CETARTIODACTYLA,ZIPHIIDAE,Mesoplodon,europaeus,,,,Mesoplodon europaeus,"(Gervais, 1855)",LC,,FALSE,FALSE,23-Aug-20,"Pitman, R.L. & Brownell Jr., R.L.","Reeves, R. & Taylor, B.L.",,"Braulik, G."
13247,50366236,ANIMALIA,CHORDATA,MAMMALIA,CETARTIODACTYLA,ZIPHIIDAE,Mesoplodon,grayi,,,,Mesoplodon grayi,"Von Haast, 1876",LC,,FALSE,FALSE,23-Aug-20,"Pitman, R.L. & Taylor, B.L.","Reeves, R., Brownell Jr., R.L. & Constantine, R.",,"Braulik, G."
13248,50366525,ANIMALIA,CHORDATA,MAMMALIA,CETARTIODACTYLA,ZIPHIIDAE,Mesoplodon,hectori,,,,Mesoplodon hectori,"(Gray, 1871)",DD,,FALSE,FALSE,23-Aug-20,"Pitman, R.L. & Brownell Jr., R.L.","Taylor, B.L. & Cipriano, F.",,"Braulik, G."
13249,50366790,ANIMALIA,CHORDATA,MAMMALIA,CETARTIODACTYLA,ZIPHIIDAE,Mesoplodon,layardii,,,,Mesoplodon layardii,"(Gray, 1865)",LC,,FALSE,FALSE,14-Aug-20,"Pitman, R.L. & Brownell Jr., R.L.","Reeves, R. & Taylor, B.L.",,"Braulik, G."
13250,50367095,ANIMALIA,CHORDATA,MAMMALIA,CETARTIODACTYLA,ZIPHIIDAE,Mesoplodon,mirus,,,,Mesoplodon mirus,"True, 1913",LC,,FALSE,FALSE,23-Aug-20,"Pitman, R.L. & Brownell Jr., R.L.","Reeves, R. & Taylor, B.L.",,"Braulik, G."
13251,50367335,ANIMALIA,CHORDATA,MAMMALIA,CETARTIODACTYLA,ZIPHIIDAE,Mesoplodon,peruvianus,,,,Mesoplodon peruvianus,"Reyes, Mead &amp; Van Waerebeek, 1991",LC,,FALSE,FALSE,23-Aug-20,"Pitman, R.L. & Taylor, B.L.","Reeves, R. & Brownell Jr., R.L.",,"Braulik, G."
13252,50367496,ANIMALIA,CHORDATA,MAMMALIA,CETARTIODACTYLA,ZIPHIIDAE,Mesoplodon,stejnegeri,,,,Mesoplodon stejnegeri,"True, 1885",NT,A4b,FALSE,FALSE,23-Aug-20,"Pitman, R.L. & Brownell Jr., R.L.","Reeves, R. & Taylor, B.L.",,"Braulik, G."
13704,50367651,ANIMALIA,CHORDATA,MAMMALIA,CETARTIODACTYLA,MONODONTIDAE,Monodon,monoceros,,,,Monodon monoceros,"Linnaeus, 1758",LC,,FALSE,FALSE,03-Jul-17,"Lowry, L., Laidre, K. & Reeves, R.","Moore, S., Brownell, R., Ferguson, S. & Hansen, R.",,"Taylor, B.L., Chiozza, F. & Pollock, C.M."
15421,50368125,ANIMALIA,CHORDATA,MAMMALIA,CETARTIODACTYLA,DELPHINIDAE,Orcinus,orca,,,,Orcinus orca,"(Linnaeus, 1758)",DD,,FALSE,FALSE,20-Jun-17,"Reeves, R., Pitman, R.L. & Ford, J.K.B.","Brownell, R.",,"Lowry, L., Taylor, B.L., Chiozza, F. & Pollock, C.M."
16564,50369125,ANIMALIA,CHORDATA,MAMMALIA,CETARTIODACTYLA,DELPHINIDAE,Peponocephala,electra,,,,Peponocephala electra,"(Gray, 1846)",LC,,FALSE,FALSE,14-Feb-19,"Kiszka, J. & Brownell Jr., R.L.","Reeves, R. & Braulik, G.","Taylor, B.L., Baird, R.W., Barlow, J., Dawson, S.M., Ford, J.K.B., Mead, J.G., Notarbartolo di Sciara, G., Wade, P. & Pitman, R.L.",
17027,50369903,ANIMALIA,CHORDATA,MAMMALIA,CETARTIODACTYLA,PHOCOENIDAE,Phocoena,phocoena,,,,Phocoena phocoena,"(Linnaeus, 1758)",LC,,FALSE,FALSE,19-May-20,"Braulik, G., Minton , G., Amano, M. & Bjørge, A.","Reeves, R. & Taylor, B.L.",,"Braulik, G."
17029,50370481,ANIMALIA,CHORDATA,MAMMALIA,CETARTIODACTYLA,PHOCOENIDAE,Phocoena,spinipinnis,,,,Phocoena spinipinnis,"Burmeister, 1865",NT,A3d+4d,FALSE,FALSE,11-Feb-18,"Félix, F., Alfaro, J., Reyes, J., Mangel, J., Dellabianca, N., Heinrich, S. & Crespo, E.","Taylor, B.L. & Reeves, R.",,"Lowry, L."
17032,50370912,ANIMALIA,CHORDATA,MAMMALIA,CETARTIODACTYLA,PHOCOENIDAE,Phocoenoides,dalli,,,,Phocoenoides dalli,"(True, 1885)",LC,,FALSE,FALSE,22-Mar-17,"Jefferson, T.A. & Braulik, G.","Reeves, R.",,"Lowry, L."
20729,50373009,ANIMALIA,CHORDATA,MAMMALIA,CETARTIODACTYLA,DELPHINIDAE,Stenella,attenuata,,,,Stenella attenuata,"(Gray, 1846)",LC,,FALSE,FALSE,05-Apr-18,"Kiszka, J. & Braulik, G.","Reeves, R., Jefferson, T.A. & Scott, M.",,"Lowry, L."
20730,50373865,ANIMALIA,CHORDATA,MAMMALIA,CETARTIODACTYLA,DELPHINIDAE,Stenella,clymene,,,,Stenella clymene,"(Gray, 1846)",LC,,FALSE,FALSE,13-Feb-18,"Jefferson, T.A. & Braulik, G.","Reeves, R. & Taylor, B.L.",,"Lowry, L."
20731,50374282,ANIMALIA,CHORDATA,MAMMALIA,CETARTIODACTYLA,DELPHINIDAE,Stenella,coeruleoalba,,,,Stenella coeruleoalba,"(Meyen, 1833)",LC,,FALSE,FALSE,19-Apr-18,"Braulik, G.","Reeves, R., Notarbartolo di Sciara, G. & Jefferson, T.A.",,"Lowry, L."
20732,50375312,ANIMALIA,CHORDATA,MAMMALIA,CETARTIODACTYLA,DELPHINIDAE,Stenella,frontalis,,,,Stenella frontalis,"(G. Cuvier, 1829)",LC,,FALSE,FALSE,02-Mar-18,"Braulik, G. & Jefferson, T.A.","Reeves, R., Taylor, B.L. & Kiszka, J.",,"Lowry, L."
21500,50377701,ANIMALIA,CHORDATA,MAMMALIA,CETARTIODACTYLA,ZIPHIIDAE,Tasmacetus,shepherdi,,,,Tasmacetus shepherdi,"Oliver, 1937",DD,,FALSE,FALSE,02-Mar-18,"Braulik, G.","Reeves, R.",,"Lowry, L."
23211,50379111,ANIMALIA,CHORDATA,MAMMALIA,CETARTIODACTYLA,ZIPHIIDAE,Ziphius,cavirostris,,,,Ziphius cavirostris,"G. Cuvier, 1823",LC,,FALSE,FALSE,04-Oct-18,"Baird, R.W., Brownell Jr., R.L. & Taylor, B.L.","Barlow, J. & Cipriano, F.",,"Braulik, G."
40635,50380449,ANIMALIA,CHORDATA,MAMMALIA,CETARTIODACTYLA,ZIPHIIDAE,Indopacetus,pacificus,,,,Indopacetus pacificus,"(Longman, 1926)",LC,,FALSE,FALSE,23-Aug-20,"Pitman, R.L. & Brownell Jr., R.L.","Reeves, R. & Taylor, B.L.",,"Braulik, G."
41711,50380694,ANIMALIA,CHORDATA,MAMMALIA,CETARTIODACTYLA,BALAENIDAE,Eubalaena,japonica,,,,Eubalaena japonica,"(Lacépède, 1818)",EN,D,FALSE,FALSE,19-Dec-17,"Cooke, J.G. & Clapham, P.J.","Reeves, R., Brownell Jr., R.L. & Zerbini, A.N.","Morris, E.","Lowry, L."
41714,50381127,ANIMALIA,CHORDATA,MAMMALIA,CETARTIODACTYLA,DELPHINIDAE,Tursiops,aduncus,,,,Tursiops aduncus,"(Ehrenberg, 1833)",NT,A4cd,FALSE,FALSE,18-Jul-19,"Braulik, G., Natoli, A., Kiszka, J., Parra, G., Plön, S. & Smith, B.D.","Reeves, R., Taylor, B.L. & Brownell Jr., R.L.",,"Braulik, G."
41715,50381544,ANIMALIA,CHORDATA,MAMMALIA,CETARTIODACTYLA,PHOCOENIDAE,Phocoena,dioptrica,,,,Phocoena dioptrica,"(Lahille, 1912)",LC,,FALSE,FALSE,19-Apr-18,"Dellabianca, N., Pitman, R.L. & Braulik, G.","Taylor, B.L. & Reeves, R.",,"Lowry, L."
41754,50381766,ANIMALIA,CHORDATA,MAMMALIA,CETARTIODACTYLA,PHOCOENIDAE,Neophocaena,asiaeorientalis,,,,Neophocaena asiaeorientalis,"(Pilleri &amp; Gihr, 1972)",EN,A2bcde+3bcde+4bcde,FALSE,FALSE,15-Aug-17,"Wang, J.Y.  & Reeves, R.","Taylor, B.L., Sutaria, D., Minton , G., Amano, M., Jefferson, T.A. & Ponnampalam, L.",,"Lowry, L."
41759,50383813,ANIMALIA,CHORDATA,MAMMALIA,CETARTIODACTYLA,ZIPHIIDAE,Mesoplodon,perrini,,,,Mesoplodon perrini,"Dalebout, Mead, Baker, Baker &amp; van Helden, 2002",EN,C2a(ii),FALSE,FALSE,23-Aug-20,"Pitman, R.L., Taylor, B.L., Barlow, J. & Cooke, J.G.","Reeves, R., Brownell Jr., R.L. & Braulik, G.",,"Braulik, G."
41760,50383956,ANIMALIA,CHORDATA,MAMMALIA,CETARTIODACTYLA,ZIPHIIDAE,Mesoplodon,traversii,,,,Mesoplodon traversii,"(Gray, 1874)",DD,,FALSE,FALSE,23-Aug-20,"Pitman, R.L. & Taylor, B.L.","Reeves, R. & Brownell Jr., R.L.",,"Braulik, G."
190871,50386457,ANIMALIA,CHORDATA,MAMMALIA,CETARTIODACTYLA,DELPHINIDAE,Sotalia,fluviatilis,,,,Sotalia fluviatilis,"(Gervais &amp; Deville in Gervais, 1853)",EN,A4b,FALSE,FALSE,20-Aug-20,"da Silva, V., Martin, A., Fettuccia, D., Bivaqua, L. & Trujillo, F.","Braulik, G., Reeves, R. & Taylor, B.L.",,"Braulik, G."
198920,50386795,ANIMALIA,CHORDATA,MAMMALIA,CETARTIODACTYLA,PHOCOENIDAE,Neophocaena,phocaenoides,,,,Neophocaena phocaenoides,"(G. Cuvier, 1829)",VU,A2cde+3cde+4cde,FALSE,FALSE,10-Aug-17,"Wang, J.Y.  & Reeves, R.","Jefferson, T.A., Minton, G., Sutaria, D., Ponnampalam, L. & Taylor, B.L.",,"Lowry, L."
41665,61948292,ANIMALIA,CHORDATA,MAMMALIA,CARNIVORA,OTARIIDAE,Otaria,byronia,,,,Otaria byronia,"(de Blainville, 1820)",LC,,FALSE,FALSE,02-Nov-15,"Cárdenas-Alayza, S., Crespo, E. & Oliveira, L.","Hückstädt, L.A.","Oliva, D., Sepúlveda, M., Franco-Trecu, V. & Túnez, J.","Lowry, L., Ahonen, H., Pollock, C.M., Chiozza, F. & Battistoni, A."
2059,61953525,ANIMALIA,CHORDATA,MAMMALIA,CARNIVORA,OTARIIDAE,Arctocephalus,philippii,,,,Arctocephalus philippii,"(Peters, 1866)",LC,,FALSE,FALSE,10-Oct-14,"Aurioles-Gamboa, D.","Trillmich, F., Bohórquez-Herrera, J. & Hernández-Camacho, J.","Kovacs, K.M.","Lowry, L., Ahonen, H., Chiozza, F. & Battistoni, A."
41660,65993325,ANIMALIA,CHORDATA,MAMMALIA,CARNIVORA,MUSTELIDAE,Mustela,subpalmata,,,,Mustela subpalmata,"Hemprich &amp; Ehrenberg, 1833",LC,,FALSE,FALSE,08-May-15,"McDonald, R.A. & Do Linh San, E.","Duckworth, J.W. & Hoffmann, M.","Hoffmann, M. & Pacifici, M.",
2058,66993062,ANIMALIA,CHORDATA,MAMMALIA,CARNIVORA,OTARIIDAE,Arctocephalus,gazella,,,,Arctocephalus gazella,"(Peters, 1875)",LC,,FALSE,FALSE,10-Dec-14,"Hofmeyr, G.J.G.","Goldsworthy, S.D.",,"Lowry, L., Ahonen, H., Pollock, C.M., Chiozza, F. & Battistoni, A."
68369199,68369432,ANIMALIA,CHORDATA,MAMMALIA,CARNIVORA,MUSTELIDAE,Melogale,cucphuongensis,,,,Melogale cucphuongensis,"Nadler, Streicher, Stefen, Schwierz &amp; Roos, 2011",DD,,FALSE,FALSE,03-Mar-15,"Helgen, K. & Long, B.","Schipper, J.",,
70205771,70205927,ANIMALIA,CHORDATA,MAMMALIA,CARNIVORA,MUSTELIDAE,Arctonyx,hoevenii,,,,Arctonyx hoevenii,"(Hubrecht, 1891)",LC,,FALSE,FALSE,03-Mar-15,"Holden, J., Helgen, K., Shepherd, C. & McCarthy, J.","Duckworth, J.W. & Schipper, J.","Pusparini, W. & Fredriksson, G.",
70206273,70206436,ANIMALIA,CHORDATA,MAMMALIA,CARNIVORA,MUSTELIDAE,Arctonyx,albogularis,,,,Arctonyx albogularis,"(Blyth, 1853)",LC,,FALSE,FALSE,03-Mar-15,"Helgen, K. & Chan, B.P.L.","Duckworth, J.W. & Schipper, J.","Wang, Y.-X. & Thapa, S.",
70207817,70207828,ANIMALIA,CHORDATA,MAMMALIA,CARNIVORA,MUSTELIDAE,Mustela,russelliana,,,,Mustela russelliana,"Thomas, 1911",DD,,FALSE,FALSE,03-Mar-15,"Abramov, A.V. & Duckworth, J.W.","Schipper, J.",,
70207949,70207972,ANIMALIA,CHORDATA,MAMMALIA,CARNIVORA,MUSTELIDAE,Mustela,tonkinensis,,,,Mustela tonkinensis,"Björkegren, 1941",DD,,FALSE,FALSE,03-Mar-15,"Timmins, R., Duckworth, J.W., Tordoff, A.W., Abramov, A.V., Long, B., Mahood, S., Lunde, D.P., Roberton, S. & Willcox, D.H.A.","Schipper, J.",,
82031633,82031644,ANIMALIA,CHORDATA,MAMMALIA,CETARTIODACTYLA,DELPHINIDAE,Sousa,plumbea,,,,Sousa plumbea,"(G. Cuvier, 1829)",EN,A2cd+3cd+4cd,FALSE,FALSE,26-May-15,"Braulik, G.T., Findlay, K., Cerchio, S., Baldwin, R. & Perrin, W.","Taylor, B.L. & Reeves, R.",,
82031667,82031671,ANIMALIA,CHORDATA,MAMMALIA,CETARTIODACTYLA,DELPHINIDAE,Sousa,sahulensis,,,,Sousa sahulensis,"Jefferson &amp; Rosenbaum, 2014 ",VU,C2a(i),FALSE,FALSE,16-May-15,"Parra, G., Cagnazzi, D., Perrin, W. & Braulik, G.T.","Taylor, B.L. & Reeves, R.",,
12847,86161239,ANIMALIA,CHORDATA,MAMMALIA,CARNIVORA,MUSTELIDAE,Martes,gwatkinsii,,,,Martes gwatkinsii,"Horsfield, 1851",VU,D1,FALSE,FALSE,03-Mar-15,"Mudappa, D., Jathana, D. & Raman, T.R.S.","Duckworth, J.W. & Schipper, J.","Choudhury, A., Wozencraft, C & Yonzon, P.",
12303,95970132,ANIMALIA,CHORDATA,MAMMALIA,CARNIVORA,MUSTELIDAE,Lontra,felina,,,,Lontra felina,"(Molina, 1782)",EN,A2cd+3cde,FALSE,FALSE,20-Jan-20,"Valqui, J. & Rheingantz, M.L.","Hussain, S.A. & Duplaix, N.","Alvarez, R. & Medina-Vogel, G.",
12305,95970485,ANIMALIA,CHORDATA,MAMMALIA,CARNIVORA,MUSTELIDAE,Lontra,provocax,,,,Lontra provocax,"(Thomas, 1908)",EN,A2cd+3cde,FALSE,FALSE,29-Dec-19,"Sepúlveda, M.A., Valenzuela, A.E.J., Pozzi, C., Medina-Vogel, G. & Chehébar, C.","Hussain, S.A. & Duplaix, N.","Alvarez, R. & Fasola, L.",
22104,97168578,ANIMALIA,CHORDATA,MAMMALIA,SIRENIA,TRICHECHIDAE,Trichechus,senegalensis,,,,Trichechus senegalensis,"Link, 1795",VU,A3cd; C1,FALSE,FALSE,18-Jul-15,"Keith Diagne, L.","Morales-Vela, B.","Powell, J. & Kouadio, A.",
41667,113089431,ANIMALIA,CHORDATA,MAMMALIA,CARNIVORA,OTARIIDAE,Zalophus,japonicus,,,,Zalophus japonicus,"(Peters, 1866)",EX,,FALSE,FALSE,26-Oct-14,"Lowry, L.","Burkanov, V.","Aurioles, D. & Trillmich, F.","Lowry, L., Ahonen, H., Chiozza, F. & Battistoni, A."
13653,117647375,ANIMALIA,CHORDATA,MAMMALIA,CARNIVORA,PHOCIDAE,Monachus,monachus,,,,Monachus monachus,"(Hermann, 1779)",EN,C2a(i),FALSE,FALSE,16-Jul-15,"Karamanlidis, A. & Dendrinos, P.","Littnan, C. & Trillmich, F.","Fernandez de Larrinoa, P., Gücü, C., Kiraç, C., Paravas, V. & Pires, R.","Lowry, L., Ahonen, H., Chiozza, F., Battistoni, A. & Pollock, C.M."
15419,123790805,ANIMALIA,CHORDATA,MAMMALIA,CETARTIODACTYLA,DELPHINIDAE,Orcaella,brevirostris,,,,Orcaella brevirostris,"(Owen in Gray, 1866)",EN,A2cd+3cd+4cd,FALSE,FALSE,30-Aug-17,"Minton, G., Smith, B.D., Braulik, G.T., Kreb, D., Sutaria, D. & Reeves, R.","Notarbartolo di Sciara, G., Taylor, B.L., Hammond, P.S. & Jefferson, T.A.",,"Lowry, L."
20425,123792572,ANIMALIA,CHORDATA,MAMMALIA,CETARTIODACTYLA,DELPHINIDAE,Sousa,teuszii,,,,Sousa teuszii,"(Kükenthal, 1892)",CR,A3cd+4cd; C2a(i),FALSE,FALSE,24-Mar-17,"Collins, T., Braulik, G.T. & Perrin, W.","Taylor, B.L. & Reeves, R.",,
136315,123793740,ANIMALIA,CHORDATA,MAMMALIA,CETARTIODACTYLA,DELPHINIDAE,Orcaella,heinsohni,,,,Orcaella heinsohni,"Beasley, Robertson &amp; Arnold, 2005",VU,A2cd+3cd+4cd; C2a(i),FALSE,FALSE,06-Jun-17,"Parra, G., Cagnazzi, D. & Beasley, I.","Bell, E.M., Double, M., Taylor, B.L. & Reeves, R.",,"Lowry, L."
82031425,123794774,ANIMALIA,CHORDATA,MAMMALIA,CETARTIODACTYLA,DELPHINIDAE,Sousa,chinensis,,,,Sousa chinensis,"(Osbeck, 1765)",VU,A3cd+4cd,FALSE,FALSE,22-Jun-15,"Jefferson, T.A., Smith, B.D., Braulik, G.T. & Perrin, W.","Taylor, B.L. & Reeves, R.",,
41651,125236220,ANIMALIA,CHORDATA,MAMMALIA,CARNIVORA,MUSTELIDAE,Martes,pennanti,,,,Martes pennanti,"(Erxleben, 1777)",LC,,FALSE,FALSE,03-Mar-15,"Helgen, K. & Reid, F.","Duckworth, J.W.",,
4159,128963283,ANIMALIA,CHORDATA,MAMMALIA,CETARTIODACTYLA,DELPHINIDAE,Cephalorhynchus,commersonii,,,,Cephalorhynchus commersonii,"(Lacépède, 1804)",LC,,FALSE,FALSE,22-Aug-17,"Crespo, E., Olavarria, C., Dellabianca, N., Iñíguez, M., Ridoux, V. & Reeves, R.","Taylor, B.L. & Pimper, L.",,"Lowry, L."
2475,130482064,ANIMALIA,CHORDATA,MAMMALIA,CETARTIODACTYLA,BALAENOPTERIDAE,Balaenoptera,borealis,,,,Balaenoptera borealis,"Lesson, 1828",EN,A1abd,FALSE,FALSE,25-Jun-18,"Cooke, J.G.","Taylor, B.L., Brownell Jr., R.L., Clapham, P.J., Jackson, J., Reeves, R. & Zerbini, A.N.","Astudillo-Scalia, Y.","Lowry, L."
181359,144232542,ANIMALIA,CHORDATA,MAMMALIA,CETARTIODACTYLA,DELPHINIDAE,Sotalia,guianensis,,,,Sotalia guianensis,"(Van Bénéden, 1864)",NT,A2d+3d+4d,FALSE,FALSE,12-Oct-17,"Secchi, E., Santos, M.C. de O. & Reeves, R.","Braulik, G.T., Crespo, E., Taylor, B.L. & Jefferson, T.A.",,"Lowry, L."
136623,144790120,ANIMALIA,CHORDATA,MAMMALIA,CETARTIODACTYLA,BALAENOPTERIDAE,Balaenoptera,omurai,,,,Balaenoptera omurai,"Wada, Oishi &amp; Yamada, 2003",DD,,FALSE,FALSE,27-Dec-17,"Cooke, J.G. & Brownell Jr., R.L.","Reeves, R. & Taylor, B.L.","Stanfield, M.","Lowry, L."
18596,145357488,ANIMALIA,CHORDATA,MAMMALIA,CETARTIODACTYLA,DELPHINIDAE,Pseudorca,crassidens,,,,Pseudorca crassidens,"(Owen, 1846)",NT,A2d,FALSE,FALSE,23-Jul-18,"Baird, R.W.","Reeves, R., Taylor, B.L. & Braulik, G.",,"Lowry, L."
70207409,147993366,ANIMALIA,CHORDATA,MAMMALIA,CARNIVORA,MUSTELIDAE,Mustela,nivalis,,,,Mustela nivalis,"Linnaeus, 1766",LC,,FALSE,FALSE,02-May-15,"McDonald, R.A., Abramov, A.V., Stubbe, M., Herrero, J., Maran, T., Tikhonov, A., Cavallini, P., Kranz, A., Giannatos, G., Kry�tufek, B. & Reid, F.","Duckworth, J.W.","Wozencraft, C & Conroy, J.",
2477,156923585,ANIMALIA,CHORDATA,MAMMALIA,CETARTIODACTYLA,BALAENOPTERIDAE,Balaenoptera,musculus,,,,Balaenoptera musculus,"(Linnaeus, 1758)",EN,A1abd,FALSE,FALSE,16-Mar-18,"Cooke, J.G.","Brownell Jr., R.L., Jackson, J. & Reeves, R.","Astudillo-Scalia, Y.","Lowry, L."
20733,156927622,ANIMALIA,CHORDATA,MAMMALIA,CETARTIODACTYLA,DELPHINIDAE,Stenella,longirostris,,,,Stenella longirostris,"(Gray, 1828)",LC,,FALSE,FALSE,20-Feb-18,"Braulik, G. & Reeves, R.","Taylor, B.L. & Perrin, W.",,"Lowry, L."
22563,156932432,ANIMALIA,CHORDATA,MAMMALIA,CETARTIODACTYLA,DELPHINIDAE,Tursiops,truncatus,,,,Tursiops truncatus,"(Montagu, 1821)",LC,,FALSE,FALSE,13-May-18,"Wells, R.S., Natoli, A. & Braulik, G.","Reeves, R. & Taylor, B.L.",,"Lowry, L."
6909,160756767,ANIMALIA,CHORDATA,MAMMALIA,SIRENIA,DUGONGIDAE,Dugong,dugon,,,,Dugong dugon,"(Müller, 1776)",VU,A2bcd+4bcd,FALSE,FALSE,12-Jul-15,"Marsh, H. & Sobtzick, S.","Hodgson, A., Pilcher, N.J. & Kwan, D.",,
41755,160983555,ANIMALIA,CHORDATA,MAMMALIA,CETARTIODACTYLA,PHYSETERIDAE,Physeter,macrocephalus,,,,Physeter macrocephalus,"Linnaeus, 1758",VU,A1d,FALSE,FALSE,30-Jun-08,"Taylor, B.L., Baird, R., Barlow, J., Dawson, S.M., Ford, J., Mead, J.G., Notarbartolo di Sciara, G., Wade, P. & Pitman, R.L.","Hammond, P.S. & Perrin, W.F. (Cetacean Red List Authority)",,
1793,164575819,ANIMALIA,CHORDATA,MAMMALIA,CARNIVORA,MUSTELIDAE,Aonyx,capensis,,,,Aonyx capensis,"(Schinz, 1821)",NT,A2cde+3cde,FALSE,FALSE,31-Jan-20,"Jacques, H., Reed-Smith, J. & Somers, M.J.","Hussain, S.A. & Duplaix, N.","Hoffmann, M.",
1794,164576337,ANIMALIA,CHORDATA,MAMMALIA,CARNIVORA,MUSTELIDAE,Aonyx,congicus,,,,Aonyx congicus,"Lönnberg, 1910",NT,A3cde,FALSE,FALSE,31-Jan-20,"Jacques, H., Reed-Smith, J., Davenport, L. & Somers, M.J.","Hussain, S.A. & Duplaix, N.","Hoffmann, M.",
7750,164576728,ANIMALIA,CHORDATA,MAMMALIA,CARNIVORA,MUSTELIDAE,Enhydra,lutris,,,,Enhydra lutris,"(Linnaeus, 1758)",EN,A2abe,FALSE,FALSE,21-Jan-20,"Doroff, A., Burdin, A. & Larson, S.","Hussain, S.A. & Duplaix, N.",,
12302,164577078,ANIMALIA,CHORDATA,MAMMALIA,CARNIVORA,MUSTELIDAE,Lontra,canadensis,,,,Lontra canadensis,"(Schreber, 1777)",LC,,FALSE,FALSE,09-Jan-20,"Serfass, T.","Hussain, S.A. & Duplaix, N.",,
12304,164577708,ANIMALIA,CHORDATA,MAMMALIA,CARNIVORA,MUSTELIDAE,Lontra,longicaudis,,,,Lontra longicaudis,"(Olfers, 1818)",NT,A3c,FALSE,FALSE,24-Jan-20,"Rheingantz, M.L., Rosas-Ribeiro, P., Gallo-Reynoso, J., Fonseca da Silva, V.C., Wallace, R., Utreras, V. & Hernández-Romero, P.","Hussain, S.A. & Duplaix, N.","Rodrigues, L., Latorre-Cardenas, M.C. & Santiago-Plata, V.",
12419,164578163,ANIMALIA,CHORDATA,MAMMALIA,CARNIVORA,MUSTELIDAE,Lutra,lutra,,,,Lutra lutra,"(Linnaeus, 1758)",NT,A2c,FALSE,FALSE,31-Jan-20,"Roos, A., Loy, A., Savage, M. & Kranz, A.","Hussain, S.A. & Duplaix, N.","Oleynikov, A. & Jamwal, P.S.","Basak, S."
12420,164578992,ANIMALIA,CHORDATA,MAMMALIA,CARNIVORA,MUSTELIDAE,Hydrictis,maculicollis,,,,Hydrictis maculicollis,"(Lichtenstein, 1835)",NT,A3cde,FALSE,FALSE,31-Jan-20,"Reed-Smith, J., Jacques, H. & Somers, M.J.","Hussain, S.A. & Duplaix, N.","Hoffmann, M.",
12421,164579488,ANIMALIA,CHORDATA,MAMMALIA,CARNIVORA,MUSTELIDAE,Lutra,sumatrana,,,,Lutra sumatrana,"(Gray, 1865)",EN,A2cde+3cde,FALSE,FALSE,05-Mar-20,"Sasaki, H., Aadrean, A., Kanchanasaka, B., Reza Lubis, I. & Basak, S.","Hussain, S.A. & Duplaix, N.",,
12427,164579961,ANIMALIA,CHORDATA,MAMMALIA,CARNIVORA,MUSTELIDAE,Lutrogale,perspicillata,,,,Lutrogale perspicillata,"(I. Geoffroy Saint-Hilaire, 1826)",VU,A2cde+3cde,FALSE,FALSE,21-Jan-20,"Khoo, M., Basak, S., Sivasothi, N., de Silva, P.K. & Reza Lubis, I.","Hussain, S.A. & Duplaix, N.",,"Basak, S."
18711,164580466,ANIMALIA,CHORDATA,MAMMALIA,CARNIVORA,MUSTELIDAE,Pteronura,brasiliensis,,,,Pteronura brasiliensis,"(Gmelin, 1788)",EN,A2cde+3ce,FALSE,FALSE,07-Mar-20,"Groenendijk, J., Marmontel, M., Van Damme, P., Schenck, C., Schenck, C. & Wallace, R.","Hussain, S.A. & Duplaix, N.","Boher, S., Botello, J.C., Buschiazzo, M., Calvimontes, J., Cartes, J.L., Davenport, L., De Thoisy, B., Evangelista, E., Gil, G., Leuchtenberger, C., Moraes Tomas, W., Munis, M., Pickles, R.S., Quadros, J., Rheingantz, M.L., Ribas, C., Trujillo, F., Utrera",
44166,164580923,ANIMALIA,CHORDATA,MAMMALIA,CARNIVORA,MUSTELIDAE,Aonyx,cinereus,,,,Aonyx cinereus,"(Illiger, 1815)",VU,A2cde+3cde,FALSE,FALSE,19-Feb-20,"Wright, L., de Silva, P.K., Chan, B.P.L., Reza Lubis, I. & Basak, S.","Hussain, S.A. & Duplaix, N.",,
11146,175604493,ANIMALIA,CHORDATA,MAMMALIA,CETARTIODACTYLA,DELPHINIDAE,Lagenorhynchus,obscurus,,,,Lagenorhynchus obscurus,"(Gray, 1828)",LC,,FALSE,FALSE,16-Aug-18,"Alafaro-Shiguieto, J., Crespo, E., Elwen, S., Lundquist, D. & Mangel, J.","Reeves, R. & Braulik, G.",,"Lowry, L."
41712,178589687,ANIMALIA,CHORDATA,MAMMALIA,CETARTIODACTYLA,BALAENIDAE,Eubalaena,glacialis,,,,Eubalaena glacialis,"(Müller, 1776)",CR,C2a(ii),FALSE,FALSE,01-Jan-20,"Cooke, J.G.","Corkeron, P., Reeves, R. & Taylor, B.L.",,"Lowry, L."
178756893,178756918,ANIMALIA,CHORDATA,MAMMALIA,CETARTIODACTYLA,ZIPHIIDAE,Berardius,minimus,,,,Berardius minimus,"Yamada, Kitamura &amp; Matsuishi, 2019",NT,A4b,FALSE,FALSE,23-Aug-20,"Brownell Jr., R.L.","Taylor, B.L. & Reeves, R.",,"Braulik, G."
20738,178929751,ANIMALIA,CHORDATA,MAMMALIA,CETARTIODACTYLA,DELPHINIDAE,Steno,bredanensis,,,,Steno bredanensis,"(Lesson, 1828)",LC,,FALSE,FALSE,30-Aug-18,"Kiszka, J., Baird, R. & Braulik, G.","Reeves, R.","Hammond, P.S., Bearzi, G., Bjørge, A., Forney, K.A., Karkzmarski, L., Kasuya, T., Perrin, W., Scott, M.D., Wang, J.Y. , Wells, R.S. & Wilson, B.","Lowry, L."
127826787,182525770,ANIMALIA,CHORDATA,MAMMALIA,CETARTIODACTYLA,ZIPHIIDAE,Mesoplodon,hotaula,,,,Mesoplodon hotaula,"Deraniyagala, 1963",DD,,FALSE,FALSE,23-Aug-20,"Pitman, R.L. & Brownell Jr., R.L.","Reeves, R. & Taylor, B.L.",,"Braulik, G."
2762,197190014,ANIMALIA,CHORDATA,MAMMALIA,CETARTIODACTYLA,ZIPHIIDAE,Berardius,arnuxii,,,,Berardius arnuxii,"Duvernoy, 1851",LC,,FALSE,FALSE,23-Aug-20,"Brownell Jr., R.L. & Taylor, B.L.","Pitman, R.L. & Cipriano, F.",,"Braulik, G."
17028,214541137,ANIMALIA,CHORDATA,MAMMALIA,CETARTIODACTYLA,PHOCOENIDAE,Phocoena,sinus,,,,Phocoena sinus,"Norris &amp; McFarland, 1958",CR,A2a; C1+2a(ii); D; E,FALSE,FALSE,02-Mar-22,"Rojas-Bracho, L., Taylor, B.L. & Jaramillo-Legorreta, A.","Reeves, R.",,"Braulik, G."